nome,pais,regiao,num_minutos_ligacao_mes,porcentagem_tempo_whatsapp
Aaren Derobert,HN,Valle de Ángeles,150,12
Ab McGuiney,DO,Piedra Blanca,149,2
Abby Darcey,CN,Wufeng,21,41
Abraham Ruppertz,MX,La Victoria,80,57
Addie Godar,IE,Valleymount,175,7
Addie Themann,CO,Baraya,151,7
Ade Nuzzetti,ID,Banjar Petak,27,39
Adena Allonby,RU,Kingisepp,22,44
Adham Geach,KG,Talas,75,29
Adiana Vest,ID,Pamakayo,170,17
Ado Atrill,RU,Glotovka,32,1
Adoree Nassy,AF,Ārt Khwājah,147,21
Adria Lisimore,IE,Eadestown,11,38
Adrianna Mully,TH,Nong Kung Si,163,54
Adriena Mohammad,BY,Lahishyn,12,43
Agnese Halsey,CN,Xiabuji,125,1
Aguistin D'Souza,TJ,Konibodom,90,40
Aguste Ayre,BG,Vidin,89,37
Ahmed Bletsor,PL,Łęknica,125,39
Aida Brandsma,ID,Lewotola,27,39
Ailbert Karsh,PH,Gammad,28,36
Ajay Dionisi,ID,Penaraga,172,47
Alain Redholes,FR,Lons-le-Saunier,46,53
Alan Fusco,KP,Kowŏn-ŭp,0,52
Alanson Edmand,PT,Folques,148,39
Alberta Makeswell,CN,Yanqi,191,3
Aldo Kinsella,RU,Sokol,134,31
Aldridge Secker,HT,Petite Rivière de Nippes,27,46
Aleece Defraine,CZ,Krásná Lípa,197,9
Alejandra Jennings,CN,Zhangdiyingzi,139,5
Aleksandr Oller,FR,Longvic,24,38
Aleksandr Slimon,CN,Hualin,13,38
Alex Cheetham,AF,Mazār-e Sharīf,135,38
Alford Lockhart,CN,Jiangkou,24,33
Alika Nayer,CN,Yushang,106,33
Alika Pacheco,AR,Alto Río Senguer,124,5
Alissa Coole,GR,Palaífyto,150,44
Alister Megarry,NP,Bharatpur,189,1
Alverta Swinley,PT,Cabeçudos,109,1
Alvinia Kubas,PH,Limbalod,24,44
Alvinia O'Lagene,LR,Robertsport,30,42
Alyson Grzegorek,PT,Pontinha,13,47
Amalita Matonin,BR,Campo Grande,165,3
Ambrose Tarzey,PL,Ostrowite,102,48
Amelie Fray,CN,Jiangfeng,18,40
Amerigo Shurey,PH,Tabu,30,37
Anabal Challenor,RU,Cherga,18,45
Anabel Tooth,LV,Viesīte,116,2
Anderson Bensen,FR,Valenciennes,160,9
Andras Ranyelld,CN,Wangge’ertang,178,3
Andreas Gorick,BR,Presidente Bernardes,127,35
Andree Alyonov,BA,Orguz,20,36
Andres Lansdale,CN,Lianxia,28,45
Andris Reith,AR,Cosquín,71,4
Andy Fries,HN,Agalteca,29,25
Andy Tribell,BR,São Carlos,117,5
Anett Mathelon,MN,Зуунмод,89,19
Angel Cleaveland,ID,Pondokunyur,22,41
Angie Bergeon,SL,Moyamba,18,31
Anjanette Jeans,RU,Olenyok,162,26
Ann-marie Wreath,CZ,Vřesina,19,32
Anna-diana Rosson,GR,Rizó,185,4
Annmarie Bool,UA,Zboriv,15,43
Ansell Das,CZ,Otrokovice,133,7
Ansell Dodell,RU,Novoaleksandrovsk,13,44
Antons Hulett,RU,Spasskoye,13,46
Antony Pressland,PH,Andres Bonifacio,14,38
Any Hanhart,ID,Sidem,11,50
Ara Andryunin,PH,Binalbagan,140,1
Arabel Whifen,BR,Ubá,17,37
Araldo Stredder,RU,Malaya Dubna,29,32
Archibold Bricknall,RU,Tugulym,121,1
Ardella St Clair,CN,Sanzhou,183,26
Ariadne Rizzillo,SE,Asarum,26,32
Aridatha Escalero,UA,Chapayeve,132,4
Ariella Osgodby,PL,Łyse,160,40
Arlen Medlicott,MX,Venustiano Carranza,101,48
Arleyne Corryer,MA,Tiouli,13,49
Arlinda Lukas,CN,Hobor,30,41
Art Leasor,MX,Jardin,21,38
Artemis Judd,ZM,Chama,10,42
Arther Elderbrant,ID,Bojongaren,26,44
Arty Bedder,IR,Hendījān,111,26
Ashil Sheriff,RU,Znamenka,77,13
Ashlee Brewin,ID,Doro Oo,20,42
Ashley Egarr,SE,Älmhult,16,44
Ashlin Marrow,CN,Hutou,14,37
Atalanta Kaindl,US,Houston,125,0
Aube Kluss,NL,Geldrop,143,56
Aubert Crinage,ID,Pajung,137,2
Aubree Myton,AR,Villa Mercedes,26,41
Augie Dabbs,MX,San Pedro,139,9
Augustine Ousley,CZ,Ronov nad Doubravou,17,56
Aurel Townley,KW,Ad Dasmah,142,48
Austin Hellens,UA,Uhlove,25,44
Aylmer Giacometti,ID,Semuda,29,32
Aylmer Goldsack,PL,Laszki,84,26
Baird Belle,FR,Soisy-sous-Montmorency,29,45
Barbara-anne Aldridge,JP,Kurume,132,45
Bari Porritt,CN,Wenchang,10,31
Barnie Glaserman,BG,Aksakovo,178,47
Bartram Djorevic,EC,Atuntaqui,128,4
Barty Spaule,IE,Kill,15,31
Bastien Wile,GR,Mikró Monastíri,177,2
Batholomew Coulling,MG,Ambatondrazaka,2,29
Becky Barrell,KR,Kunsan,24,49
Bellanca Dash,FR,Nantes,24,33
Bellina Crimin,LU,Pétange,24,36
Bendick Lattie,ID,Buaran,51,9
Bendix McCrum,CN,Changyuan,18,48
Benedetto Maytum,ID,Banjar Kubu,124,37
Ber Philipsen,FR,Saint-Quentin-Fallavier,24,33
Bernardina Gotthard,ID,Pasongsongan,159,24
Bernita Bonifazio,CL,Lautaro,144,31
Berny O'Brian,KG,Kyzyl-Kyya,200,11
Berny Struan,UA,Mirovka,102,3
Bertram Amdohr,GB,Halton,28,46
Bertram Christene,LU,Dalheim,197,3
Betteann Fannin,PL,Ożarowice,22,48
Beverlie Texton,CN,Tuoshi,50,13
Bevin Giorgetti,PE,Hongos,127,39
Bibbie Arbon,CZ,Kašperské Hory,25,37
Biddie Blackbrough,FR,Annecy,21,33
Bil Wortley,CN,Nan’an,190,40
Blane Shacklady,RU,Nekrasovka,20,40
Blondie McCleod,ID,Pajaten,69,59
Blondy Wintour,FR,Valence,138,6
Bo Andriolli,IT,Palermo,18,48
Bobbe Geertz,JP,Ōdate,26,51
Bobbie Ansett,RU,Ulyanovsk,199,9
Bobbie Haylands,HR,Senj,10,9
Bogart Tschursch,EC,Babahoyo,116,4
Bogey Ellif,CN,Jingzhuang,106,4
Bond Burk,CO,Pital,123,36
Bond Curson,CN,Xiejiatan,116,56
Bondy Fereday,RU,Bugul’ma,30,44
Bonnibelle Tripony,ID,Waipare,148,20
Boony Turone,JP,Kanazawa-shi,150,40
Borg Scoular,CR,San Pedro,10,44
Boyd Lacknor,PH,Pondaguitan,18,25
Brandais Castelletti,CN,Xijiang,25,45
Branden Andersson,TH,Trang,18,41
Brandon Challender,CZ,Nedakonice,17,31
Brandtr De la croix,RS,Lajkovac,89,59
Bren Felten,JP,Miyazaki-shi,28,47
Brenna Crone,US,New York City,183,2
Bret Mallinar,BG,Kaloyanovo,30,40
Bride Sabban,CN,Pingli,141,8
Brier Bleyman,PE,Otuzco,15,50
Brigitta Lethlay,PH,Bagumbayan,174,3
Brion Spinella,RU,Krasnyy Profintern,32,40
Brion Unstead,BH,Madīnat ‘Īsá,129,32
Brit Ilyunin,UA,Snizhne,13,37
Britni Humber,CN,Shazhouba,17,42
Britt Rittelmeyer,RS,Smederevo,149,34
Brittney Croizier,AZ,Yuxarı Aran,23,32
Brok Bonome,GR,Vamvakoú,29,39
Bronny Gover,BR,Capela,15,48
Brook Hubery,HR,Stobreč,56,28
Bryant Halpeine,CN,Shiyang,131,23
Bryn Whistance,NG,Deba Habe,77,36
Burt Cawley,ID,Padurung,79,49
Byrom Stedall,CN,Bieligutai,115,2
Cad Drakes,NL,IJmuiden,16,49
Caitrin Sleet,ID,Puncaktugu,157,28
Cal Chiddy,CZ,Letovice,140,31
Cal Gunson,BR,Igarapé Açu,123,16
Callie Cejka,CN,Jiangbei,27,33
Camala Blay,BR,Guarapuava,15,49
Cami Cussins,NG,Zuru,172,57
Cammy Blackleech,CN,Qiaoxi,141,36
Candace Winchcombe,SS,Leer,20,40
Candy Drinkeld,CR,Paquera,10,48
Caprice Shervil,CN,Libu,13,49
Car Race,AL,Kavajë,112,16
Carley Riggott,ID,Murtajih,25,50
Carlotta Hruska,PH,Rizal,20,37
Carly Daudray,BR,Brasília,131,3
Carmen Presshaugh,KZ,Atyrau,145,37
Carmina Bernardez,EC,Catamayo,12,36
Caroline Castello,CN,Baochang,12,37
Casar Gillooly,CA,Kindersley,29,38
Casey Esmead,BR,Canoinhas,26,49
Cassandra Jacop,PL,Boniewo,21,45
Cathee Jell,KZ,Aksu,177,5
Cathi Rzehor,NZ,Turangi,165,8
Caz Jesteco,CN,Lutou,174,3
Cecelia Swash,CN,Xieji,172,4
Cecily Goreisr,IE,Rathangan,27,43
Celestyna Lafaye,PH,Mancilang,117,30
Celia Trevear,CN,Jinjiang,136,5
Celinda Horsley,CR,San Diego,181,25
Cesaro Yakuntsov,MH,Jabat,187,4
Chaim Johnsey,PL,Stare Kurowo,191,9
Chantalle Popplewell,GR,Melíki,103,28
Charmian Willment,FR,Orléans,18,37
Charmine Douberday,TH,Ban Bueng,184,48
Cherilyn McEntagart,AX,Kökar,23,41
Cheryl Franklin,CN,Tiechanggou,22,49
Cheston Tunkin,PH,Cardona,21,44
Chet Bulleyn,KP,Ayang-ni,19,37
Chickie Carlucci,MK,Богданци,29,39
Chicky Cook,BD,Jhingergācha,11,38
Chiquita Jeanin,CZ,Dolní Libina,194,58
Chloris Antoons,RU,Pizhanka,125,4
Christen Marcos,FR,Carpiquet,22,36
Christi Carlyle,IT,Bergamo,158,31
Chrystal Lacoste,CN,Chenhu,16,41
Cilka Lindsley,JP,Ashiya,38,43
Cindie Hammond,BY,Narach,162,37
Cindra Pavlovsky,SE,Göteborg,16,43
Cinnamon Cahen,RU,Novotroitsk,84,8
Claire Pyper,PH,Kimanuit,153,36
Clarance Kopps,KE,Kihancha,21,38
Claretta Gillitt,ID,Sukamaju,123,1
Clary Paskin,PL,Nowa Sarzyna,176,10
Claus Hegg,CN,Yongping,111,44
Clemence Browncey,AF,Maymana,76,28
Clementia Petticrew,ID,Pakemitan,124,9
Clemmy Yantsurev,ID,Banjaranyar,19,46
Clerkclaude Dolley,BR,Jacobina,23,34
Cloe Pomery,ID,Titab,166,25
Clyve Birtwisle,DO,Las Matas de Santa Cruz,12,41
Collette Tumpane,TM,Farap,27,44
Collie Bogies,TH,Tha Bo,22,32
Colman Strachan,ID,Larangan,143,26
Conant Broggelli,RU,Lukhovka,41,22
Connie Harkus,BR,Franca,112,49
Constantina Durman,ET,Felege Neway,15,44
Corbin Denman,FR,Reims,11,35
Corilla Harrinson,AF,Ghazni,118,32
Corinne Flint,CN,Youhao,27,50
Corrie Klewer,CN,Magong,188,6
Cortie Ganders,NG,Kwatarkwashi,114,4
Creigh Birk,PH,Ransang,117,8
Crin Olivelli,BR,Passo Fundo,11,33
Cristal Sammon,CN,Kuidou,169,0
Cristionna Halford,ID,Baratleke,19,49
Cullie Baxill,ID,Bradag,116,8
Cullin Anchor,PT,Covas da Raposa,101,11
Culver Allcock,ID,Klumbu,43,2
Cybil Morena,MX,San Pedro,10,44
Cynde Farlham,UG,Ntoroko,12,49
Cynthy Deener,BR,Benevides,19,15
Cyril Burnsides,CN,Gangba,29,39
Daffie Bickerstaffe,ML,Nara,25,35
Dall Schlag,CO,Corinto,158,0
Damiano Aires,PT,Quinta da Courela,166,7
Dani Macguire,AR,Gálvez,106,42
Dannel Stonbridge,BR,Joinville,28,38
Dannie Bernet,MN,Üydzen,10,38
Danny Poller,ID,Singajaya,10,46
Darby Eitter,ID,Margoyoso,169,4
Darcie Helis,CN,Yuyue,45,27
Dare Arendsen,CN,Jinxiang,105,20
Dareen Andryunin,CA,Boisbriand,108,32
Darla Sharples,CN,Pingkai,3,59
Darrell Bisacre,CN,Wantou,53,12
Darrell Sherlaw,PH,Binitinan,74,17
Darsey D'Oyly,GB,Aberdeen,150,5
Darwin Matresse,JP,Akashi,22,48
Daryl Wrangle,RS,Prokuplje,118,7
Dean Meakes,ID,Keleleng,101,44
Deane Claricoates,RU,Rogachëvo,20,41
Deeyn Folling,JO,Mafraq,118,47
Delly Rumbellow,CM,Maroua,156,0
Demetre Adnam,ID,Cikulahan,197,39
Demetris Klaggeman,CO,San Francisco,19,34
Demott Powley,CN,Zhonghekou,125,50
Den Crock,ID,Soe,77,12
Denis Bosworth,CZ,Dolní Bečva,13,34
Deny Jonah,ID,Watuweri,159,10
Derick Cranfield,SE,Sundsvall,13,32
Derrick Dennison,ID,Cingambul,4,31
Derril Harverson,ID,Tembeling,27,46
Desirae O'Ruane,RU,Pindushi,189,10
Desirae Spino,ID,Cipicung,164,8
Desiri Currm,CN,Liaoyang,172,1
Devy Bains,ID,Sepatan,23,39
Dewey Feary,US,Monticello,25,21
Dillie Harcus,TW,Yilan,25,42
Dimitry Breston,CN,Heshui,183,2
Dirk Tidgewell,FR,Mont-de-Marsan,189,5
Dode Kealey,PH,Naguilian,10,38
Dominic Skully,NC,Canala,157,0
Donavon Chester,PH,Tanjay,173,9
Donelle Caltera,AM,Chochkan,155,45
Donnajean Element,CN,Xiaba,25,37
Doralynn Jacobovitch,RU,Nizhniy Tagil,11,50
Doralynne Preston,PT,Vila,14,39
Doreen Wharrier,CN,Yongfeng,53,1
Dorelle Lumley,FI,Savonlinna,27,34
Dorine Castella,PH,San Mateo,13,41
Dorolice Cudihy,CN,Jiulong,11,45
Dorotea Peel,MX,Arroyo Seco,82,46
Doti Morley,PL,Orzesze,123,3
Dru Hearst,GR,Athens,25,36
Dulciana Whitlock,JP,Motomiya,108,59
Dulcie Quarry,TH,Ban Talat Yai,21,33
Dulcinea Clements,CN,Batuan,109,48
Duncan Symcoxe,ID,Sidonganti,191,7
Dunstan Oslar,CN,Sunjia,141,2
Dyna Siggery,ID,Sungaipuntik,73,48
Earlie Healeas,MX,5 de Mayo,110,0
Ebba Jagiello,PS,‘Awartā,12,40
Edik Sappson,RU,Povenets,170,41
Eduino Chaytor,PL,Barcin,161,2
Eileen Aggus,CA,Cap-Santé,16,44
Elayne Domeney,SI,Šmartno pri Litiji,170,49
Eldridge Sweetzer,PL,Rawa Mazowiecka,2,59
Eli Danigel,LV,Preiļi,13,38
Elisa Luna,ID,Karanggintung,80,4
Elizabet Allone,PE,Pacaycasa,26,46
Elizabeth Leng,FR,Montbrison,109,44
Ellswerth Littlekit,ID,Randegan,69,13
Ellynn Sloam,RU,Roslavl’,114,10
Elonore Dungay,VC,Port Elizabeth,23,48
Elsie Gaines,PL,Trzcinica,107,45
Em Sedge,JP,Yashio-shi,12,42
Emanuele Taye,PH,Ugac Sur,94,14
Emelia Tunnacliffe,CN,Xincheng,27,35
Emelyne Hartshorne,ID,Tunggaoen Timur,40,6
Emilee Troyes,PH,Matagbak,36,41
Emilio Ferentz,ID,Sawoi,64,0
Emily Asquez,GR,Velventós,1,10
Emily Whitesel,ID,Cikalaces,14,46
Emmalee Woolgar,BG,Borovan,130,32
Emmit De Luna,RU,Surgut,126,9
Emmott McReynolds,AR,Alejo Ledesma,85,36
Emory Johansson,PT,Mouriscas,67,25
Emylee Dibling,CK,Avarua,101,37
Eric Colt,US,Mountain View,17,37
Erik Hembry,CN,Daba,12,43
Erik Valens-Smith,VN,Xom Tan Long,165,2
Esdras Pickersail,MY,Kuala Terengganu,12,40
Estella Mapstone,UZ,Kirgili,29,42
Ethelyn Purcell,CN,Zhusha,26,37
Eugenius Burch,PE,Huacachi,114,7
Euphemia Greneham,CN,Gaofeng,14,38
Evangelia Haith,CN,Hetian,149,2
Evangelia Van der Linde,SE,Karlskoga,119,40
Evelin Rounds,PT,Lameira,26,37
Eydie Gentreau,IR,Aleshtar,148,0
Ezekiel Chancellor,PH,Taytayan,189,57
Ezekiel Wallen,BA,Hiseti,200,31
Fanni Kencott,CN,Shangqiu,75,21
Fannie Ballam,PL,Skalbmierz,117,50
Farand Kennea,YE,Al Madīd,129,40
Faun Shinefield,CN,Baishan,18,45
Faydra Brookwood,PH,Sagay,133,33
Fern Cerro,AO,Luena,146,6
Fern Matteucci,PL,Gozdnica,23,42
Fern Wulfinger,PT,Marteleira,81,32
Fidelia Gregr,ID,Sidomulyo,18,45
Fin Frigot,CN,Liugong,124,3
Fleur Trinke,AF,Deh-e Now,22,45
Florencia Grzegorczyk,CN,Xinning,112,6
Florry Porson,ID,Curug,100,33
Francyne Erbe,CN,Luzhi,28,35
Frank Fegan,PE,Caleta Cruz,130,6
Franni Shearsby,UG,Kiryandongo,22,31
Fransisco Macauley,SS,Leer,151,3
Frederick Gilchrest,CF,Bambari,91,9
Frederique Blazi,PT,São Bartolomeu,30,41
Fredia Ciccarello,RU,Pizhma,27,50
Fredrick Murname,RU,Udachny,22,42
Free Baudesson,ID,Kedungbanteng Krajan,81,34
Freedman Iacovelli,ID,Rawasan,135,36
Freeman Habden,SV,Chalchuapa,12,42
Gabbi Jonas,CO,Santa Lucía,27,47
Gabi Crewe,UA,Myhove,15,30
Gabriel Gantlett,CN,Jixi,46,25
Gabriell Terzi,PE,Pozuzo,17,36
Gaelan Edgeworth,PL,Podebłocie,14,37
Garland Ellaman,CN,Zhixia,119,31
Garrot Eagle,UA,Banyliv,18,39
Garv Warboys,MY,Ipoh,12,37
Gaultiero Seakin,JP,Hatogaya-honchō,46,26
Gav Druhan,PL,Barlinek,75,17
Gayla Orth,MN,Khujirt,11,34
Gayleen Dunan,US,Harrisburg,168,4
Genny Eburah,MK,Ohrid,135,30
Georgette Siege,CN,Caotan,23,42
Georgy Kopisch,ID,Lela,158,30
Geri MacKettrick,PL,Drobin,11,35
Gerick Dalliwatr,SD,El Matama,143,37
Gerrard Stigger,PL,Kraczkowa,106,55
Gerrie Boase,BR,Pontes e Lacerda,9,22
Gerrilee Padley,PL,Fajsławice,82,3
Gertruda Waldera,JP,Sagara,10,40
Gigi Files,SE,Kil,116,4
Gilda Ratledge,CO,Caucasia,16,45
Giovanna Blaske,ID,Sidem,22,41
Gisela Gellately,ID,Kusi,153,0
Giselbert Barkhouse,CN,Guandukou,16,47
Glenda Bowcock,BY,Vyerkhnyadzvinsk,150,9
Glori Lancashire,ID,Kasingan,11,39
Gordan Follet,CN,Gancheng,19,46
Grace Ollis,PH,Uyugan,10,46
Graig Pinnington,ID,Urungpigang,93,14
Grata Crus,RU,Temirgoyevskaya,3,49
Gratia Pettegree,BF,Tougan,28,32
Grazia Sevier,CN,Nankang,148,14
Grete Wensley,UA,Dnipryany,193,8
Griff Ravel,CN,Daxing,124,30
Griffy Gearing,CR,Batán,93,9
Grissel Eilhart,PL,Michałów-Reginów,22,20
Guenna Conan,RU,Yanaul,53,36
Guillaume Erat,CN,Gulai,19,36
Gunilla Farnish,PT,Campanário,173,10
Gustave Lenchenko,RU,Kotel’niki,200,22
Gypsy Sadler,EE,Suure-Jaani,178,8
Hadrian Rawood,ID,Wotsogo,174,1
Haily Koppel,RU,Tula,143,8
Haleigh Jovicevic,RU,Vrangel’,183,4
Hally Hould,ID,Karangasem Laok,28,35
Hamish Dwyer,PH,Tamiso,10,47
Hana Columbell,VN,Thị Trấn Phú Mỹ,26,44
Harbert Gorghetto,PL,Szelków,72,46
Harcourt Hamner,PE,Querecotillo,27,41
Harlie Trobridge,US,Washington,12,37
Harrie Wigfield,LT,Kaišiadorys,142,48
Harriett Pacquet,ID,Kendalngupuk,2,26
Hartley Maloney,PE,Caujul,13,36
Hedwiga Adam,BR,Santo Ângelo,193,56
Helge Crapper,CY,Limassol,172,3
Henderson Ginglell,PH,Dasol,86,2
Hephzibah Rossant,BR,Perdões,11,34
Hermy Wilacot,CZ,Vřesina,134,38
Hieronymus Ruckhard,CN,Dashahe,170,1
Hildagarde Velez,ID,Napel,29,44
Hilde Addekin,DO,San Cristóbal,17,36
Hilde Ovitz,CN,Dali,17,30
Hill Braisby,ID,Banyulegi,22,31
Hillery Scading,CA,Lamont,12,46
Hillyer Castelijn,US,Portland,25,36
Hillyer Uridge,ID,Klagen,16,36
Huberto Sopp,CU,Bartolomé Masó,132,50
Hugo Cosley,PL,Bledzew,116,8
Hugues Geaveny,CN,Aimin,25,31
Huntlee Azam,PH,Batarasa,134,42
Huntlee Tufts,TH,Prachamtakham,17,40
Hurlee Swann,ET,Kofelē,106,48
Idaline Clappson,FR,Cergy-Pontoise,16,34
Idell Aldus,AZ,Saatlı,19,50
Iggie Gerrey,MG,Ambatolampy,22,49
Ignacio Babe,ID,Banjar Dauhpangkung,21,45
Ilaire Capelow,TH,Si Bun Rueang,24,47
Inglis Delph,CN,Ganquan,103,6
Ingrim Palser,SI,Postojna,19,31
Ingunna Rowbottom,CN,Longping,6,0
Inigo Burnie,TH,Wang Saphung,21,48
Iorgos Hedylstone,PK,Ladhewāla Warāich,27,30
Iorgos Winsome,RU,Muravlenko,29,45
Iris Wilcockes,ID,Winangun,198,6
Irwin felip,CN,Guluoshan,13,31
Isabella Haspineall,PK,New Mīrpur,30,35
Isabelle Domleo,ID,Elat,23,36
Isidor Mullinder,UA,Kosmach,128,4
Isidro Garlant,CN,Dajin,26,30
Izak Trayes,PS,Usarin,11,36
Jacinda Pilbury,PE,Copa,14,40
Jacquelyn Reagan,LT,Silute,41,8
Jacquelynn Pawnsford,CO,Barbosa,193,9
Jacynth Rauprich,BY,Vitebsk,14,32
Jaime Cardoso,PH,Banag,138,9
Jamey Raffeorty,PT,Alcanhões,15,33
Jamil Fouch,BR,Pinheiral,164,33
Janela Drewett,CN,Jinqiao,71,53
Janka Bossel,ID,Rote,15,42
Jaquelin Ferri,MN,Baruunsuu,47,19
Jarad Gwynne,CN,Luodian,128,33
Jasmina Selman,PH,Platagata,133,44
Jaymee Yaxley,NO,Oslo,130,1
Jeana Grabham,SL,Kabala,182,52
Jeanie Addionisio,US,Silver Spring,19,37
Jemimah Murrie,CZ,Tuchlovice,13,38
Jennie Brettoner,CN,Guandi,29,37
Jennifer Maskelyne,CN,Dakoutun,147,32
Jermayne Litterick,ID,Ancol,24,40
Jerri Awin,RU,Bilyarsk,24,38
Jerri Borges,FR,Lyon,29,44
Jerrine Tomczykiewicz,CN,Tomorlog,103,43
Jerry Bettlestone,AR,Chajarí,17,50
Jerry Shawyers,PL,Szczawnica,17,36
Jerry Wickmann,BA,Zborište,133,36
Jessa Rossant,PH,General Luna,11,59
Jillane Bech,PH,Kalugmanan,47,5
Jo Heinemann,SE,Stockholm,149,40
Jobyna Willcox,AR,Alto Río Senguer,134,0
Jock McGrady,PK,Shāhpur,11,47
Jocko Bischop,CN,Yongjiahe,19,23
Jodie Anmore,SL,Peyima,144,7
Jodie Dreakin,ID,Miribanteng,21,32
Joeann Grinnov,PH,San Celestio,10,47
Joelly Cleeton,BR,Cacoal,156,7
Joellyn Bachmann,PH,Badian,109,42
Joellyn Lightowlers,PE,Quiches,171,10
Joelynn Mence,PT,Castanheira,128,5
Johnathan Franzonetti,RU,Iogach,145,4
Johnette Fessler,CN,Xinwu,136,47
Jojo Heighway,CN,Longhu,19,34
Joleen Ruzic,US,Salt Lake City,25,40
Joni Ozintsev,ID,Krayen,11,50
Jorge Erat,ID,Barat,24,42
Jory Dunnico,CN,Sangke,27,39
Josephine McCrisken,MX,Miguel Hidalgo,143,37
Judie Oakeby,GH,Foso,103,40
Judye Stoppard,RU,Uryupinsk,13,46
Juliane Busfield,US,San Angelo,37,26
Juliette Pruckner,PL,Góra Kalwaria,109,38
Julissa McEntegart,CN,Dengnan,12,49
Kaela Danilov,YE,Maţarah,129,1
Kaile Roelofs,CR,San Rafael,12,33
Kally Aronstam,CN,Donggou,38,45
Kamila McGeffen,DO,Santo Domingo,27,46
Kandy Fenelon,PH,Santiago,132,52
Kari Ilem,CN,Yuhuazhai,17,40
Kariotta Troctor,PT,A dos Negros,136,1
Karlee Boston,SE,Bagarmossen,13,34
Karlik Leathe,ID,Labuhansumbawa,17,48
Karlyn Gilberthorpe,NA,Outjo,20,55
Kary Errey,CN,Bowang,109,35
Kat Lohan,UA,Sartana,152,10
Kathe Turville,BR,Passa Quatro,110,12
Katherina Lynett,MX,Juarez,145,0
Katine Muckley,IR,Kangān,19,32
Katrinka Elsworth,GR,Rízoma,68,24
Katuscha Badrock,GT,San Francisco Zapotitlán,22,40
Katusha McFarland,RU,Serdobsk,10,33
Kaylyn Kemmons,JP,Sakata,134,0
Keelby Coils,CN,Liutangting,15,42
Keely Rosenfarb,ZA,Vryburg,74,15
Kelcey Gearing,RU,Nakhabino,124,6
Kelsy Minney,JP,Ise,79,10
Kendall McPhee,US,San Diego,16,50
Kennan Hamley,PH,San Jose,22,36
Kenneth Dutch,ID,Pasirlimus,14,41
Kenyon Dorey,ID,Samanggen,100,60
Kerk McKeney,AM,Dimitrov,20,44
Kerri Gregore,TH,Prachin Buri,16,36
Kerry Versey,SE,Göteborg,121,48
Kettie Poynzer,CN,Shuishaping,154,10
Kevin Wylam,GR,Íos,25,47
Kevyn Riha,ID,Kota Trieng,169,8
Khalil Aldam,RS,Biljača,194,8
Ki Pesterfield,MX,Obrera,38,25
Kikelia Attwater,MX,San Sebastian,193,1
Killian Bovaird,JP,Ashikaga,107,49
Killy Anear,SE,Haninge,119,41
Kimberley Nemchinov,CN,Xindeng,23,50
Kimberly Cann,PL,Koronowo,11,37
Kin Bentham3,GR,Lamía,19,48
Kingsley Atwater,PE,Aniso,138,10
Kingsley O'Hogertie,ID,Kalahang,151,50
Kippy Maffi,GR,Mandráki,168,8
Kirsten Lechmere,CN,Ercheng,27,46
Kirsteni Grzeskowski,CN,Ganfang,165,4
Koralle Schwandermann,SO,Jilib,24,47
Korey Ferencowicz,KZ,Kyzylorda,30,38
Korrie Goundsy,LT,Prienai,141,45
Krissie Clemendot,ID,Jembe Timur,162,58
Kristan Behnen,BW,Serowe,137,5
Kristos Frangello,FR,Roissy Charles-de-Gaulle,8,25
Kristy Bessey,MX,San Jose,96,41
Krystle Bester,ES,Telde,19,32
Lacee Silverlock,KG,Pokrovka,13,35
Ladonna Condit,PL,Perzów,35,14
Lamar Carwithen,ID,Samangawah,117,30
Lance Geroldi,RU,Shlissel’burg,25,45
Langston Hambribe,RU,Leninskoye,17,47
Lani MacTague,PE,Arenal,10,48
Lanny Strathe,ID,Kiuteta,44,19
Larisa Gillies,CN,Qingshi,43,23
Lars Pinchon,AZ,Vurğun,121,47
Latashia Busk,CN,Sairam,16,33
Latashia Muck,BD,Manikchari,140,44
Lauralee Freyne,ZA,Musina,122,32
Laureen de Wilde,YE,Şuwayr,14,40
Laureen Pardew,SY,Jindayris,62,58
Laurene Ratledge,PH,Manat,193,10
Laurens Adney,BR,Itapira,51,56
Laurens Leguey,PS,Ar Ramāḑīn,13,37
Layne Shasnan,PA,Cusapín,25,37
Leeann Manktelow,FR,Perpignan,79,53
Leela Gregorio,CN,Jingtailu,162,3
Leigh Nodes,BR,Tuntum,12,30
Lela Podd,CN,Yaotian,145,39
Leland De Paepe,US,Maple Plain,53,59
Lenette Scanes,FI,Köyliö,12,34
Leonard Claus,MY,Kota Bharu,104,35
Leone Varley,BR,Canguçu,17,34
Leshia D'Alessio,AZ,Barda,17,49
Lethia Ovitz,CN,Houzhai,100,5
Letta Rowsel,UA,Bashtanka,11,38
Lexie Sushams,BD,Sātkhira,109,36
Lexine Bachmann,SE,Älvsbyn,14,48
Lianna Ianelli,ID,Talun,19,49
Libbie Spir,AR,Comandante Fontana,28,38
Lidia Duffil,JP,Toyokawa,178,53
Lina Bourner,VN,Biên Hòa,100,36
Lindsy O'Sherrin,CN,Huichang,162,7
Lindy Boanas,US,Rochester,19,49
Linell Filipchikov,ID,Rantaupanjang,169,9
Linzy Kyttor,KZ,Shalkar,26,49
Lion Tomanek,CM,Bangangté,161,8
Lise Cisneros,UA,Kremidivka,19,46
Lita Rides,PT,Castelo de Vide,27,42
Locke Kears,UA,Zuya,150,38
Locke Oglesbee,FR,Valenciennes,114,0
Lolly Gibbon,FI,Kylmäkoski,122,40
Lon Vernau,PE,San Marcos,119,2
Lonee Daft,ID,Tegalgunung,25,31
Lonee Werendell,PT,Sande Vila Nova,55,8
Lonnard Kilbee,MA,Gueltat Zemmour,45,60
Lorenzo Cardis,ID,Sumberejo,13,35
Loretta Stenett,SE,Stockholm,54,16
Lorettalorna Kemmons,FR,Angers,187,6
Lorrin Edgerton,CN,Fengshan,28,35
Lory Juhruke,CN,Xinwo,17,34
Lory Sprionghall,ID,Pagarbatu,24,46
Lory Sturge,PK,Nasīrābād,129,10
Louella Denning,PE,Llauta,144,30
Lovell Beet,HR,Grubišno Polje,27,36
Lowell Holtham,AR,Candelaria,22,38
Lucienne Nolder,RU,Dvurechensk,112,32
Lusa Guilloux,NI,Chinandega,24,36
Lutero Hewes,US,Dallas,16,46
Lyn Cawse,CU,Venezuela,19,44
Lynnell Tuffield,JP,Ōtake,17,39
Lyon Behr,BR,Castro,13,49
Mabelle Llywarch,CN,Ludishan,26,45
Mack Tomaschke,PL,Słubice,17,32
Madelena Firsby,CN,Dongjiao,113,7
Madelene Mariolle,ID,Ulimonong,91,8
Madeline Thomassin,XK,Orahovac,24,39
Madison Snowden,CO,Pradera,16,33
Maegan Milleton,BY,Buynichy,10,30
Maible Couthard,EG,Al Bawīţī,100,5
Maisey Wudeland,PH,San Rafael,20,39
Maitilde Rymour,CN,Dana,171,5
Major Leathe,EC,Quito,11,47
Malanie Houseman,NG,Ejigbo,195,33
Malcolm Nuccitelli,MX,Santa Rosa,26,34
Malissa Abrahami,BR,Rio Negrinho,140,1
Mandel MacCorley,ID,Drien Rampak,139,55
Marcelia Burgwin,LT,Kybartai,10,36
Marcelle Nowakowski,FR,Bordeaux,25,36
Marcelline Gaiter,ID,Ciladaeun,150,7
Marcelo Boxall,SE,Ängelholm,30,45
Margarette Mulqueen,PE,Chuquitira,28,33
Margy Weeds,ES,Santander,159,55
Maribelle Packer,PH,San Roque,182,23
Marietta Jelliman,CN,Zhongcheng,133,46
Marietta Pagelsen,IR,Abū Mūsā,30,1
Mariette Fidgett,CN,Dingyan,109,40
Marinna Fahrenbach,ID,Tanjung Palas,121,5
Markos Margery,UA,Uhryniv,16,43
Marlyn Flewitt,CN,Luniao,127,49
Marney Avieson,ID,Komi,29,43
Marnia Vasnetsov,SI,Preserje pri Radomljah,166,53
Marta Brayford,CN,Chang’an,28,35
Martica Riccelli,CN,Shicha,100,46
Marve Jaukovic,PK,Shorko,110,48
Maryellen Earley,PE,Yuyapichis,134,3
Maryellen Mauser,PY,Tobatí,27,34
Marylinda Billitteri,RS,Leskovac,177,8
Matelda Matula,CN,Xiejiatan,132,36
Mathilda Persitt,AL,Miras,149,2
Matias Mulmuray,JP,Ninomiya,138,43
Maurizia Baldelli,US,Nashville,22,39
Maxi Lemm,FR,Moissy-Cramayel,30,37
Maxie MacGiolla,PL,Osiek,118,5
Maximilianus Bartaletti,AZ,Dzagam,18,31
Maximilianus Braunfeld,BR,Três Corações,136,50
Mayne Halcro,CN,Huoqiu Chengguanzhen,197,1
Maynord McIlwaine,AF,Shīnḏanḏ,67,50
Mechelle Beazer,FR,Dijon,22,49
Mechelle Columbell,PE,Sangallaya,123,6
Meg Serraillier,UA,Dykan’ka,13,47
Meggi Gadeaux,CO,Magangué,12,37
Mei Gresch,TD,Abéché,116,45
Melanie Josland,RU,Tavricheskoye,130,42
Melisande Beldom,PT,Baleal,192,13
Melisandra Missen,GR,Pórto Chéli,160,42
Mercedes Drinnan,FR,Rodez,123,0
Merla Lapslie,CI,Agnibilékrou,136,38
Meryl Evennett,HN,Florida,23,49
Meyer Mouget,CN,Laojun,28,28
Michele Darmody,ID,Karangtengah,22,39
Mil Desseine,CZ,Horní Suchá,179,6
Mill Arnoud,PK,Hangu,198,8
Minerva Brunini,SE,Enköping,17,40
Misty Bastistini,JP,Takahama,144,8
Modesty Berthod,CN,Tianyuan,29,46
Molli Yate,PL,Polanka Wielka,93,54
Montague Christoffersen,BR,Ribas do Rio Pardo,9,45
Montgomery Worlock,ID,Weekombaka,65,57
Morgan Royson,PH,Sagay,16,34
Mortie Shelsher,ID,Baranti,193,7
Munmro O'Reagan,CN,Fenshui,107,39
Mureil McHan,CN,Lancheng,10,50
Myranda Davage,ID,Sengeti,197,10
Myron Canario,CN,Pingding,81,4
Myrtice Catlin,ID,Ciela Lebak,24,33
Nadean Engledow,CN,Taipingxi,119,0
Nance Giorio,VN,Châu Thành,29,42
Nancie Enser,SE,Bagarmossen,121,42
Neal Garken,ID,Jamban,200,5
Neall Catterill,VE,Barbacoas,119,6
Neely Terron,PH,San Luis,4,0
Nelia Abbis,PH,San Nicolas,29,46
Nelly Jacklings,CN,Wanmingang,25,36
Nessie Riddich,ES,Girona,180,7
Nesta Beatson,PL,Prażmów,131,3
Nettie Huygen,IR,Eyvān,21,41
Neysa Weedenburg,KR,Seongnam-si,131,3
Nichol Mincini,AR,El Arañado,24,52
Nickie Blakeway,VN,Phủ Thông,104,49
Nicola Origan,CU,Cifuentes,136,2
Nigel Pabel,CN,Gaotaizi,116,10
Nikkie Arnoldi,PL,Łąka Prudnicka,24,6
Ninnetta Nafzger,CN,Qianshan,135,0
Nissy Walshe,MY,Taiping,14,34
Noe Essery,PH,Camaligan,149,2
Noellyn Rey,PL,Krzemienica,179,6
Normy Leander,RU,Primorka,147,47
Norrie Benneton,PY,Eusebio Ayala,29,41
Obidiah Kearney,CN,Kangmei,12,46
Odelia Razoux,ID,Baing,124,41
Odell Colwill,CZ,Palkovice,173,55
Odey Stilwell,PH,Agpangi,79,6
Odie Caldron,CN,Nancun,110,10
Ofella Cicero,PL,Mszana Dolna,25,34
Ofella Frosdick,FR,Mulhouse,112,38
Olag Obee,AZ,Bilajari,168,3
Olly Hackforth,CN,Wangsi,101,26
Olly Royston,RU,Nizhniy Tsasuchey,186,10
Olvan Queripel,US,Orange,25,37
Opalina O'Scollain,CN,Taohua,33,13
Oralia Dax,RU,Peskovka,179,6
Orsola Lamp,JP,Ōhara,19,35
Orville Hirche,ID,Kabir,8,36
Osborne Tottem,RU,Ust’-Uda,32,14
Osmond Greenshiels,CN,Xiaohe,29,41
Ossie Corbin,CN,Menghe,22,32
Oswald Della Scala,MY,Kuala Terengganu,100,6
Ottilie Morrott,NG,Bama,19,44
Paddie Duchatel,CN,Tiaodeng,167,6
Padgett Duham,ID,Kedungsinggil,133,5
Parker Telezhkin,CU,Bolondrón,137,35
Parrnell Fishley,US,Des Moines,187,8
Parry Sisselot,UA,Tal’ne,118,55
Pascale Bernli,VN,Vũ Thư,30,47
Pat Fookes,CN,Wangshi,26,36
Pate Coules,KP,Kowŏn-ŭp,28,40
Patric Bes,PH,Sañgay,30,36
Patrice Sewart,CN,Huichang,127,6
Paulo McMillam,MY,Kuching,179,29
Peadar Larrington,CN,Gangdong,25,35
Pearline Cullerne,PH,Alibunan,11,38
Pete Battabee,PT,Vila Real de Santo António,127,47
Pete Chessor,CN,Shibi,23,42
Petrina Hynard,GE,Marneuli,128,8
Phebe Tomasino,RU,Rassvet,24,40
Philbert Niese,CZ,Bořetice,101,1
Phineas Abelson,US,Oklahoma City,27,37
Phylis Goulden,ID,Jangkat,112,43
Phyllis Laurenzi,CZ,České Meziříčí,142,43
Pierette Wallenger,PT,Armação de Pêra,149,4
Pietrek Mossbee,ID,Puncaksempur,151,59
Pollyanna Capron,CN,Baota,100,41
Port Sanz,PL,Szlachta,138,54
Portie Duignan,ID,Indramayu,21,32
Pris Regelous,CN,Chengdu,88,50
Pru Retallack,FR,Illkirch-Graffenstaden,12,43
Puff Adan,CN,Qiulu,167,4
Pyotr Luckie,CN,Wangjiang,10,41
Quent Roony,MM,Yamethin,123,29
Querida Fardo,ID,Tlogowungu,200,1
Quill Sakins,MX,Las Flores,16,43
Rafaellle Cordey,MH,Likiep,18,34
Raina Jozwiak,CN,Checun,22,45
Rand Pannett,EE,Järvakandi,175,12
Randolf Ebbitt,CN,Yayao,112,4
Raven MacKissack,BG,Pleven,109,7
Rawley Le Maitre,AL,Frakulla e Madhe,173,36
Raynell Westrope,ID,Ciudian,22,30
Raynor Handman,GR,Examília,13,41
Reagan Maffi,SE,Mölndal,29,48
Reagen Hunnybun,CN,Wensu,100,48
Reba Montgomery,SE,Älvsjö,197,1
Rebecca Dumbrell,ZA,Allanridge,49,9
Reeba Edgley,PH,Mantalongon,33,17
Rees Sabati,PL,Sierakowice,10,32
Regan Nelthropp,PH,Salcedo,156,59
Reggie Duker,RW,Musanze,24,32
Regina Sinkinson,ID,Sopo,116,19
Regine Pedersen,PT,Ferreira,187,55
Reine Ruggs,CN,Chaoyang,140,4
Renado Butland,RU,Tonkino,27,32
Renato Prestwich,FI,Lovisa,15,42
Renaud Thomson,PH,Labnig,57,30
Rey Ewdale,BG,Simitli,145,37
Reynolds Milham,DE,Braunschweig,138,3
Riannon de Mullett,CZ,Velké Meziříčí,20,43
Richmond Ebbing,ID,Gambarjati,81,5
Rick Moine,CN,Qifang,183,2
Riobard Guiot,CN,Huyuan,19,12
Rita Kinneally,ID,Cihaur,20,44
Rita Layfield,FR,Firminy,25,40
Roana Blunn,US,Erie,135,15
Roanne Elmhurst,SV,Nueva Guadalupe,12,40
Robbyn Portigall,CU,Holguín,48,21
Robinett Lomansey,CN,Fuxing,10,43
Robyn Rosnau,PH,Matala,12,40
Rochella Castelluzzi,RU,Volgo-Kaspiyskiy,171,0
Roddie Haddleton,BY,Enyerhyetykaw,18,49
Rodrigo Swyer,BR,Cabreúva,111,8
Rodrique McGuffie,BR,Suzano,5,15
Romona MacGaffey,SE,Gnosjö,43,47
Ronny Haston,MG,Ambato Boeny,172,1
Rooney Blackboro,JO,Aţ Ţafīlah,199,11
Rory Hayzer,ID,Kolobolon,29,39
Rosalynd Reinard,RU,Nizhniy Lomov,19,47
Rosanna MacNeill,ID,Krajandadapmulyo,107,4
Rosanne Winspear,PT,Alminhas,119,36
Roscoe Wavish,ID,Wonocolo,114,37
Roselia McSperrin,ID,Krenggan,138,33
Rowe Kingett,ID,Karangparwa,197,0
Roxine Krale,CN,Hengjie,33,2
Roxine Plaice,HT,Miragoâne,180,0
Roxy Alejandro,BO,Azurduy,14,49
Roze Joice,CN,Tianzishan,175,0
Rube Coolbear,KE,Machakos,14,31
Rufus Aslet,CN,Yunxiang,143,48
Rupert Laverack,CN,Lingcheng,197,8
Ruperto Wiltshire,TD,Melfi,24,35
Ruprecht Runsey,YT,Koungou,133,30
Rurik Capes,PH,Buenavista,15,59
Rustin Colbrun,CO,Campamento,147,45
Rutger Abrey,SV,La Unión,112,34
Ruthe Vinnick,ID,Duwakbuter,26,42
Ruthy Widdowes,BY,Buynichy,84,47
Rutledge Spargo,AF,Rabāţ-e Sangī-ye Pā’īn,112,37
Ruttger Philipsen,UA,Tsibulev,18,38
Sacha Umbert,BR,Descalvado,174,8
Sadella O'Keenan,PE,Macari,16,43
Sallyann Blaver,CN,Xiwang,29,33
Sam Saggs,PK,Naudero,119,13
Samson Surmeir,ID,Kaum Kaler,163,29
Sandye Rolse,CN,Gemo,19,42
Sanson Bartholat,ID,Belajen,100,42
Sarah Clementucci,BG,Suvorovo,19,34
Sarene Germain,RU,Sigayevo,15,48
Sarene Pettit,DE,Dresden,111,3
Sashenka Renvoise,CN,Xinjian,107,8
Selena Filyashin,CN,Lingxi,36,58
Selma Trimme,YT,Chirongui,106,33
Sephira Flegg,RU,Kamensk-Shakhtinskiy,116,44
Sergent Temprell,SE,Trelleborg,113,10
Seymour MacDougal,UA,Boyany,15,34
Shaina Goggins,ID,Pabean,111,48
Shaina Tilt,CO,Mercaderes,144,4
Shanan Luna,UA,Kivsharivka,14,42
Shari Nizet,AM,Shaghat,194,2
Shay Hobben,SY,Ḩadīdah,137,6
Sheelagh Rudsdell,CN,Yihe,186,3
Sheena Whinney,UG,Fort Portal,142,1
Sheila-kathryn Ashmole,SE,Hammarö,28,30
Shell Kennett,CN,Xincun,12,38
Shelli Steen,PT,Vila Chã do Monte,17,46
Sher Tschursch,ID,Pasargunung,23,43
Sherri Ballam,PH,Igpit,122,30
Sherrie McKiddin,GR,Ilioúpoli,24,48
Sherry Myerscough,CY,Ayia Napa,172,15
Shina Fairrie,RU,Kagal’nitskaya,15,47
Shoshanna Penrose,CN,Zhangjiafan,191,0
Shoshanna Schleswig-Holstein,PL,Legionowo,85,26
Siana Barkaway,ET,Jinka,26,43
Sibella Bole,RU,Zuyevka,105,3
Sid Bibby,SE,Vilhelmina,14,44
Sidney McRae,GT,San Lucas Sacatepéquez,173,3
Silas Angliss,UA,Stizhkivs’ke,24,38
Silvanus Purver,CO,Puerto Tejada,21,36
Simone Prate,RU,Sovetskiy,122,2
Sioux Konert,US,Fort Myers,14,40
Skell Gerry,RU,Staronizhestebliyevskaya,21,49
Sophia Raikes,PH,Budta,104,2
Spike Kobu,CN,Yushugou,114,48
Stace Crickmoor,DE,Berlin,128,4
Stacey Liddard,UA,Obroshyne,192,3
Stafford Thebes,HN,Salamá,27,35
Stanford Solman,CN,Dajin,100,2
Starla Kesten,CN,Tianbao,198,37
Stearne Snugg,CN,Lianjiangkou,131,44
Stefanie Bennough,UA,Dniprovka,157,29
Stephanie Rumney,CZ,Moravský Beroun,67,39
Steve Gouldthorpe,PL,Mrągowo,15,36
Stewart Roll,GT,Mataquescuintla,140,11
Stormy Petersen,AM,Tsaghkadzor,51,38
Stormy Portinari,ID,Blora,153,8
Suellen Glover,ID,Beaung Tengah,17,38
Sumner Twentyman,MA,Tamanar,166,5
Susette Wrintmore,CN,Taoyuan,103,6
Sydel Jollye,CN,Huangshagang,19,39
Taite Sheerman,UA,Feodosiya,23,33
Tally Ausher,MG,Andapa,50,27
Tamar Bischop,ID,Paledang,117,40
Tamara Liggons,PS,Ad Dawḩah,24,40
Tammie Cousen,BR,Cachoeirinha,11,31
Tandi MacGiany,TN,Banī Khallād,200,8
Tandy Ortzen,ID,Grati Satu,18,50
Tanya Conaghy,CO,Nunchía,162,7
Tarrah Ygo,YE,Majzar,1,45
Tate Wenderoth,TN,Siliana,109,6
Teena Llewhellin,CN,Heba,158,10
Teodorico Bockett,ID,Citampian,12,50
Teressa Gouck,FR,Clichy,185,43
Terra De Carteret,ZM,Mwense,49,60
Terrijo Le Borgne,FR,Angers,12,41
Terza Pedel,BR,Bento Gonçalves,11,33
Thaine Libreros,KR,Cheonan,21,30
Thatch Logan,RU,Temirgoyevskaya,11,37
Thatcher Fortnum,PL,Brdów,126,47
Thaxter Hindshaw,CN,Angao,97,8
Theressa Moffat,CN,Najiaying,109,22
Therine Florence,CN,Xujia,110,30
Thoma Revel,NG,Kaura Namoda,95,34
Thorn Hallagan,CN,Yuandun,28,31
Thornton Chidgey,CN,Erenhot,197,26
Tildie Togwell,ES,Salamanca,16,48
Toma Colbron,LK,Sri Jayewardenepura Kotte,164,10
Tomas Alloisi,CN,Lutian,16,45
Tonya Wrightson,CN,Haishan,135,31
Tori Sallier,PT,Casal de Cambra,17,31
Tory Wycherley,MX,Reforma,24,37
Tove Saggs,AL,Shushicë,87,35
Travus Maith,CN,Layu,25,38
Tremaine Boffin,PT,Gavião,119,44
Tricia Behan,PL,Trzcińsko Zdrój,181,55
Tristan Brenstuhl,ID,Watuagung,117,42
Trudi Tollady,ZM,Luwingu,27,31
Trudy Skowcraft,ZA,eMbalenhle,148,37
Tuckie Everleigh,US,El Paso,21,40
Twila Lowery,MX,El Refugio,27,38
Tybalt Taggart,PL,Huta Stara B,24,35
Tyler Cheel,UA,Mizoch,21,42
Tymon Van Halle,MU,Dubreuil,115,3
Tymothy Spleving,ID,Dukuh Kaler,101,43
Una Alonso,PH,Bagacay,12,43
Urbanus Von Der Empten,NO,Porsgrunn,128,38
Valentia Klouz,CN,Shuangjing,146,35
Valeria Lanon,PH,Mambusao,126,58
Valerye Cartlidge,FR,Neuilly-sur-Seine,164,0
Vallie Signe,CO,Cereté,107,3
Vanna Chat,AR,Quitilipi,56,22
Vassily Townsend,RS,Inđija,27,31
Verney Badsworth,NP,Wāling,32,32
Vidovik Penwright,CM,Bélabo,17,32
Vinni Currum,PL,Giebułtów,146,4
Viola MacFadzan,PL,Rokietnica,151,13
Virgil Aimeric,PL,Gozdowo,26,44
Virginie Kaman,CN,Fujiayan,21,48
Vlad Mudle,CN,Chuzhou,23,40
Wallie Cawt,EC,Catamayo,21,49
Wallis Brasseur,CN,Jinhui,23,50
Wally Seiter,ID,Wailiang,59,37
Wanids Ludy,FR,Saint-Brieuc,13,44
Wayland Yakobovicz,PT,Vale da Pedra,181,18
Welby Claesens,MY,Kota Kinabalu,101,3
Wendel Kaveney,MU,Le Hochet,77,55
Westbrooke Currin,MK,Bosilovo,127,4
Willetta Blasoni,ID,Tanjung Palas,77,46
Willette Phippard,AR,Trelew,141,36
Willie Brunsden,AT,Wolfsberg,30,43
Willow Dix,CN,Pengdian,114,6
Wilona Satyford,AR,San Pedro,110,8
Windy Morewood,PL,Kańczuga,126,7
Winn Raggatt,PA,La Loma,20,35
Winonah Bartels,MA,Sidi Lamine,94,23
Witty Jerger,US,New York City,182,3
Wright Seman,FR,Le Mans,127,23
Wylie Blades,CN,Huangzhuang,120,12
Xaviera Vila,JM,Montego Bay,190,6
Xenia Burrell,PK,Faruka,22,38
Yale Touzey,FR,Pantin,120,6
Yevette Kix,BR,Lorena,144,7
Yorgos Allmen,PH,Binabaan,129,38
York Tabourin,CN,Shanlian,51,41
York Zoephel,PH,Bauang,47,42
Yorker Goozee,RU,Pereleshino,18,47
Yulma Eager,CA,Moncton,120,5
Zacharia Warcup,BG,Asenovgrad,17,31
Zacharie Greger,PL,Spytkowice,30,33
Zara Wheelton,AT,Schäffern,19,33
Zelig Morbey,BO,Nueva Manoa,200,7
Zenia Niese,ID,Tanahwurung,196,47
Zitella Consterdine,SE,Strängnäs,150,7
Zoe Trent,BR,Igrejinha,175,0